Label,# Samples,Average,Median,90% Line,95% Line,99% Line,Min,Max,Error %,Throughput,Received KB/sec,Sent KB/sec
ping,40000,18,15,36,46,74,0,441,0.000%,1213.51860,97.18,144.58
no parameters,40000,32,28,60,75,110,0,446,0.000%,1213.55541,55.70,146.95
bad token,40000,28,24,51,64,96,0,449,0.000%,1213.59223,55.70,158.81
good token expired,40000,29,26,54,67,100,0,458,0.000%,1213.59223,55.70,169.21
good token valid,40000,30,26,56,70,105,0,458,0.000%,1213.59223,45.04,169.48
TOTAL,200000,27,24,53,66,100,0,458,0.000%,6067.04080,309.28,788.93
